{
    "0": {
        "Recall": 0.983673,
        "Specificity": 0.993973
    },
    "1": {
        "Recall": 0.978855,
        "Specificity": 0.996143
    },
    "2": {
        "Recall": 0.925388,
        "Specificity": 0.993042
    },
    "3": {
        "Recall": 0.911881,
        "Specificity": 0.992486
    },
    "4": {
        "Recall": 0.948065,
        "Specificity": 0.991429
    },
    "5": {
        "Recall": 0.921525,
        "Specificity": 0.987644
    },
    "6": {
        "Recall": 0.950939,
        "Specificity": 0.994711
    },
    "7": {
        "Recall": 0.939689,
        "Specificity": 0.991394
    },
    "8": {
        "Recall": 0.907598,
        "Specificity": 0.992519
    },
    "9": {
        "Recall": 0.901883,
        "Specificity": 0.993311
    }
}